{"cameraMode":{"drawMode":0,"name":"Shaded","section":"Shading Mode"},"sceneLighting":false,"audioPlay":false,"sceneViewState":{"showFog":true,"showMaterialUpdate":false,"showSkybox":false,"showFlares":true,"showImageEffects":true,"showParticleSystems":true},"in2DMode":false,"pivot":{"x":-0.0007259994745254517,"y":0.3631311058998108,"z":-0.019028931856155397},"rotation":{"x":0.28672435879707339,"y":0.26422494649887087,"z":-0.08260425180196762,"w":0.917147159576416},"size":0.5618711709976196,"orthographic":true}